[
  {
    "slug": "video1",
    "title": "Hot Night With Babysitter",
    "thumbnail": "/assets/thumbs/video1.jpg",
    "videoUrl": "https://yourcdn.com/video1.mp4",
    "tags": [
      "babysitter",
      "blowjob"
    ],
    "category": "Teen",
    "views": "4.8k"
  },
  {
    "slug": "video2",
    "title": "Stepmom Seduces Son",
    "thumbnail": "/assets/thumbs/video2.jpg",
    "videoUrl": "https://yourcdn.com/video2.mp4",
    "tags": [
      "stepmom",
      "milf"
    ],
    "category": "MILF",
    "views": "3.2k"
  },
  {
    "slug": "video3",
    "title": "College Girl's First Time",
    "thumbnail": "/assets/thumbs/video3.jpg",
    "videoUrl": "https://yourcdn.com/video3.mp4",
    "tags": [
      "college",
      "first-time"
    ],
    "category": "Amateur",
    "views": "2.9k"
  }
]